model_type,variation_name,parameter_name,parameter_value,bias_squared,variance,mse
rf,ensemble_size,n_estimators,5.0,4369.194264278245,2847.703870596556,7216.898134874801
xgb,ensemble_size,n_estimators,5.0,19927.757162474536,119.59693159581853,20047.354094070353
bagged_xgb,ensemble_size,outer_n_estimators,5.0,1090.9115399420639,140.61164965929825,1231.5231896013622
rf,ensemble_size,n_estimators,10.0,4164.065061487607,1413.0909530231993,5577.156014510806
xgb,ensemble_size,n_estimators,10.0,14976.364223196397,190.21927968402053,15166.583502880418
bagged_xgb,ensemble_size,outer_n_estimators,10.0,1089.0045951202753,110.60480872355754,1199.6094038438328
rf,ensemble_size,n_estimators,25.0,4124.192349403656,618.681235812835,4742.873585216492
xgb,ensemble_size,n_estimators,25.0,7719.859744320893,282.98938366261496,8002.849127983508
bagged_xgb,ensemble_size,outer_n_estimators,25.0,1089.3319402253146,93.07498266085845,1182.406922886173
rf,ensemble_size,n_estimators,50.0,4157.6715357816165,356.60083023272705,4514.272366014344
xgb,ensemble_size,n_estimators,50.0,3303.224119844776,305.8964127701103,3609.120532614886
bagged_xgb,ensemble_size,outer_n_estimators,50.0,1089.4630785225343,86.73796097505712,1176.2010394975914
rf,ensemble_size,n_estimators,100.0,4114.3740969113605,221.61953952900046,4335.993636440361
xgb,ensemble_size,n_estimators,100.0,1073.8223277413365,288.18903306904355,1362.01136081038
bagged_xgb,ensemble_size,outer_n_estimators,100.0,1089.2046586364422,84.17449348153072,1173.379152117973
rf,ensemble_size,n_estimators,200.0,4099.931888076052,153.88925986836446,4253.821147944416
xgb,ensemble_size,n_estimators,200.0,478.33856412179955,274.6936836508299,753.0322477726295
bagged_xgb,ensemble_size,outer_n_estimators,200.0,1088.9110526565948,82.73525594343646,1171.6463086000313
rf,depth,max_depth,2.0,19706.511059628036,55.665995750665914,19762.177055378703
xgb,depth,max_depth,2.0,342.4551369455638,182.9127047185879,525.3678416641517
bagged_xgb,depth,inner_max_depth,2.0,2023.1512716983832,101.0973108214929,2124.248582519876
rf,depth,max_depth,4.0,13354.845964256001,110.88350726201654,13465.729471518018
xgb,depth,max_depth,4.0,432.2672095999145,295.1981099106737,727.4653195105882
bagged_xgb,depth,inner_max_depth,4.0,823.1707259185573,116.41413685626377,939.5848627748211
rf,depth,max_depth,6.0,9231.198411091576,153.35379954364385,9384.55221063522
xgb,depth,max_depth,6.0,680.887020153308,405.08846950575804,1085.975489659066
bagged_xgb,depth,inner_max_depth,6.0,906.2355516007756,139.46168391434452,1045.6972355151202
rf,depth,max_depth,8.0,6732.2524936671025,182.93513574132032,6915.187629408423
xgb,depth,max_depth,8.0,1132.98766972769,466.254129801549,1599.241799529239
bagged_xgb,depth,inner_max_depth,8.0,1328.073922342161,160.9012917433757,1488.9752140855367
rf,depth,max_depth,10.0,5294.790253022837,195.9332167638123,5490.723469786649
xgb,depth,max_depth,10.0,1618.3833973535989,528.163862692184,2146.547260045783
bagged_xgb,depth,inner_max_depth,10.0,1766.8440702383416,186.3001898683745,1953.144260106716
rf,depth,max_depth,15.0,4194.5302870164405,216.01915763910873,4410.549444655549
xgb,depth,max_depth,15.0,2003.1531382885591,594.8202335292152,2597.9733718177745
bagged_xgb,depth,inner_max_depth,15.0,2064.248457493561,210.04728535080494,2274.295742844366
rf,depth,max_depth,20.0,4106.980349869706,220.7461484259009,4327.726498295607
xgb,depth,max_depth,20.0,2016.4683033205745,597.356865814322,2613.8251691348964
bagged_xgb,depth,inner_max_depth,20.0,2072.142234195977,211.09808831525086,2283.240322511228
rf,depth,max_depth,,4114.3740969113605,221.61953952900046,4335.993636440361
rf,noise,_dataset_noise,5.0,3976.0008275142986,212.3598330200449,4188.360660534344
xgb,noise,_dataset_noise,5.0,347.9778426580208,210.76609130180262,558.7439339598234
bagged_xgb,noise,_dataset_noise,5.0,1079.7542609267998,98.8262339391555,1178.5804948659554
rf,noise,_dataset_noise,15.0,3967.908980338293,216.1190188650127,4184.027999203306
xgb,noise,_dataset_noise,15.0,358.46137759174474,229.18331374885537,587.6446913406
bagged_xgb,noise,_dataset_noise,15.0,1069.0750860749845,104.39990870874624,1173.4749947837308
rf,noise,_dataset_noise,30.0,3921.4664955476233,232.11512523514367,4153.581620782767
xgb,noise,_dataset_noise,30.0,390.6148535264701,287.8463877467985,678.4612412732686
bagged_xgb,noise,_dataset_noise,30.0,1023.5230070956267,116.8544545487336,1140.3774616443602
rf,noise,_dataset_noise,50.0,3928.5686275099933,261.29599855576834,4189.8646260657615
xgb,noise,_dataset_noise,50.0,470.4162790984672,397.30902658053486,867.7253056790021
bagged_xgb,noise,_dataset_noise,50.0,1000.9873182225672,145.96648720448226,1146.9538054270495
rf,noise,_dataset_noise,75.0,3892.082680563904,316.3387384828716,4208.421419046776
xgb,noise,_dataset_noise,75.0,615.2330393819972,587.3944115893538,1202.627450971351
bagged_xgb,noise,_dataset_noise,75.0,959.2593610791763,195.19183729790586,1154.4511983770822
rf,train_size,_dataset_size,500.0,9048.470282531965,511.6058644026813,9560.076146934647
xgb,train_size,_dataset_size,500.0,2132.7744153299836,833.5941984015919,2966.3686137315754
bagged_xgb,train_size,_dataset_size,500.0,3079.769490171135,409.6434760660742,3489.4129662372093
rf,train_size,_dataset_size,1000.0,7065.974240887338,414.442471072666,7480.416711960004
xgb,train_size,_dataset_size,1000.0,1167.765954084965,584.6388640451144,1752.4048181300793
bagged_xgb,train_size,_dataset_size,1000.0,1997.684741109563,290.0126586123876,2287.6973997219507
rf,train_size,_dataset_size,2000.0,5977.59022319864,317.02669995989885,6294.616923158539
xgb,train_size,_dataset_size,2000.0,706.8577113727913,421.6278128009434,1128.4855241737346
bagged_xgb,train_size,_dataset_size,2000.0,1520.5849546779036,202.9521161985005,1723.5370708764042
rf,train_size,_dataset_size,4000.0,4824.022236538219,265.1623386460688,5089.1845751842875
xgb,train_size,_dataset_size,4000.0,489.16729091090514,306.04699641407757,795.2142873249827
bagged_xgb,train_size,_dataset_size,4000.0,1270.1877804690064,145.33237262368576,1415.5201530926922
rf,train_size,_dataset_size,8000.0,4114.3740969113605,221.61953952900046,4335.993636440361
xgb,train_size,_dataset_size,8000.0,375.03849686258,245.41161423471397,620.450111097294
bagged_xgb,train_size,_dataset_size,8000.0,1089.0045951202753,110.60480872355754,1199.6094038438328
svr,svr_baseline,baseline,0.0,230.4934898980795,3.710121072017225,234.20361097009672
