Hypothesis,Description,Prediction,Observed,Verdict
H1,Trajectory divergence in Bias²-Variance space,"Bagging trajectory moves DOWN (variance↓, bias² stable). Boosting trajectory moves LEFT then UP (bias↓, variance↑).",rf: min MSE=0.26 at 200 estimators | xgb: min MSE=0.24 at 200 estimators | bagged_xgb: min MSE=0.27 at 200 estimators  [see Plot 1 for trajectory shapes],Visual Required
H2,Boosting more sensitive to base learner depth than bagging,XGBoost MSE std across depth values > RF MSE std across depth values,XGBoost MSE std across depths = 0.0325 | RF MSE std = 0.1898,Not Supported
H3,Boosting benefits more from additional data,XGBoost MSE improvement from n=500→8000 > RF improvement,XGBoost MSE drop (n=500→8000): 0.2091 | RF MSE drop: 0.1927,Supported
H4,Boosting degrades more under high noise,XGBoost variance increase under noise > RF variance increase,No noise experiment found,Not Evaluated
H5,Optimal λ* achieves lower MSE than either parent model,"MSE(f_λ*) < min(MSE_A, MSE_B) for at least one hybrid pair","rf_xgb: MSE_A=0.2613, MSE_B=0.2380, MSE_Convex@λ*=0.2379, reduction=0.0001 | rf_svr: MSE_A=0.2613, MSE_B=0.3874, MSE_Convex@λ*=0.2613, reduction=0.0000 | xgb_svr: MSE_A=0.2380, MSE_B=0.3874, MSE_Convex@λ*=0.2380, reduction=0.0000",Supported
H6,Theoretical λ* matches empirical λ* within 0.1,|λ*_theory - λ*_empirical| ≤ 0.1 for convex hybrid,"pair=rf_xgb, λ*_theory=0.1606, λ*_empirical=0.9000, |diff|=0.7394",Not Supported
H7,Convex hybrid achieves lower minimum MSE than probabilistic,min MSE(convex) < min MSE(probabilistic) for each pair,"rf_xgb: convex=0.2379, prob=0.2380, gap=0.0000 | rf_svr: convex=0.2613, prob=0.2613, gap=0.0000 | xgb_svr: convex=0.2380, prob=0.2380, gap=0.0000",Not Supported
H8,Cross-family pairs achieve larger MSE reduction at λ* than the within-family pair (RF+XGB),"mean MSE-reduction over {RF+SVR, XGB+SVR} > MSE-reduction for RF+XGB; mechanism: lower ρ(A,B) → wider variance-reduction channel",reduction within(rf_xgb)=0.0001 (ρ=0.529) | mean cross=0.0000 (mean ρ_cross=0.000),Not Supported
H9,Convex hybrid advantage over probabilistic is amplified for cross-family pairs,"(min_MSE_prob − min_MSE_convex) larger for {RF+SVR, XGB+SVR} than for RF+XGB; mechanism: larger D² = E[(μ_A − μ_B)²]","rf_xgb: adv=0.0000, D²=0.0161 | rf_svr: adv=0.0000, D²=0.0967 | xgb_svr: adv=0.0000, D²=0.1209",Not Supported
